industry,industry_group,analysis_include,note
한식,음식점,Y,
중식,음식점,Y,
일식,음식점,Y,
양식,음식점,Y,
기타요식,음식점,Y,
커피전문점,카페·디저트,Y,
제과점,카페·디저트,Y,
패스트푸드,간편식,Y,
유흥업소,주점·유흥,Y,
편의점,편의점,Y,
백화점,대형유통,Y,
할인점/슈퍼마켓/양판점,대형유통,Y,
면세점,대형유통,Y,
쇼핑몰,대형유통,Y,
농수산물,식료품소매,Y,
정육점,식료품소매,Y,
기타식품,식료품소매,Y,
주류판매,식료품소매,Y,
의복/의류,의류·잡화,Y,
패션잡화,의류·잡화,Y,
시계/귀금속,의류·잡화,Y,
화장품,의류·잡화,Y,
생활잡화/수입상품점,의류·잡화,Y,
수제용품점,의류·잡화,Y,
전용매장,기타소매,Y,브랜드 전용매장으로 추정
가구,기타소매,Y,
가전,기타소매,Y,
인테리어/건축자재/주방기구,기타소매,Y,
컴퓨터/소프트웨어,기타소매,Y,
사무기기/문구용품,기타소매,Y,
서점,기타소매,Y,
문화용품,기타소매,Y,
악기/음반,기타소매,Y,
완구/아동용자전거,기타소매,Y,
스포츠/레저용품,기타소매,Y,
화원,기타소매,Y,
애완동물,기타소매,Y,
중고품판매점,기타소매,Y,
기타유통,기타소매,Y,
체인점,기타소매,Y,업종 범위 불명확
방문판매/다단계판매,기타소매,N,무점포 판매 - 점포 위치와 소비 연결 약함
일반병원,의료·보건,Y,
종합병원,의료·보건,Y,
치과병원,의료·보건,Y,
한의원,의료·보건,Y,
약국,의료·보건,Y,
기타의료,의료·보건,Y,
동물병원,의료·보건,Y,
보건소,의료·보건,N,공공기관
미용실,미용·개인서비스,Y,
미용서비스,미용·개인서비스,Y,
안마/마사지,미용·개인서비스,Y,
싸우나/목욕탕,미용·개인서비스,Y,
세탁소,미용·개인서비스,Y,
노래방,여가·오락,Y,
게임방/오락실,여가·오락,Y,
영화/공연,여가·오락,Y,
스포츠시설,여가·오락,Y,
헬스장,여가·오락,Y,
실내/실외골프장,여가·오락,Y,
종합레저타운/놀이동산,여가·오락,Y,
학원/학습지,교육,Y,
독서실,교육,Y,
유치원,교육,N,정기 납부성 결제
학교등록금,교육,N,정기 납부성 결제
호텔/콘도,숙박,Y,
"모텔,여관,기타숙박",숙박,Y,
여행사/항공사,숙박,N,결제 위치와 소비 위치 불일치
주유소,교통·자동차,Y,
LPG가스,교통·자동차,Y,
주차장,교통·자동차,Y,
택시,교통·자동차,Y,
고속버스/철도/여객선,교통·자동차,Y,
자동차서비스,교통·자동차,Y,
자동차용품,교통·자동차,Y,
오토바이,교통·자동차,Y,
수입자동차,교통·자동차,N,고액·비정기 구매
중고차판매,교통·자동차,N,고액·비정기 구매
예식장/결혼서비스,생활서비스,N,예약 기반 이벤트성 결제
장례식장/묘지/장의사,생활서비스,N,기상과 무관한 수요
부동산중개,생활서비스,N,고액·비정기 결제
법률/사무서비스,생활서비스,N,B2B 성격
회계/변리서비스,생활서비스,N,B2B 성격
연구/번역서비스,생활서비스,N,B2B 성격
세금공과금,비소비성,N,세금·공과금 납부
보험,비소비성,N,보험료 납부
"통신요금(이동,시내전화)",비소비성,N,정기 납부
"통신요금(PC통신,무선호출)",비소비성,N,정기 납부
결제대행(PG),비소비성,N,결제 위치와 소비 위치 불일치
상품권/복권,비소비성,N,현금성 결제
ZZ_나머지,비소비성,N,업종 미분류
