mid,sub,industry_group,analysis_include,note
한식,,음식점,Y,
중식,,음식점,Y,
일식,,음식점,Y,
서양식,,음식점,Y,
동남아시아,,음식점,Y,
기타 외국,,음식점,Y,
구내식당·뷔페,,음식점,Y,
비알코올,,카페·디저트,Y,카드 커피전문점
기타 간이,,간편식,Y,분식·치킨·피자·버거 등 (카드 패스트푸드)
기타 간이,빵/도넛,카페·디저트,Y,카드 제과점
기타 간이,떡/한과,카페·디저트,Y,카드 제과점
기타 간이,아이스크림/빙수,카페·디저트,Y,디저트
주점,,주점·유흥,Y,
종합 소매,편의점,편의점,Y,
종합 소매,,대형유통,Y,슈퍼마켓·기타 종합소매 (카드 할인점/슈퍼마켓/양판점)
식료품 소매,,식료품소매,Y,
음료 소매,,식료품소매,Y,주류·음료
섬유·의복·신발 소매,,의류·잡화,Y,
시계·귀금속 소매,,의류·잡화,Y,
의약·화장품 소매,,의료·보건,Y,약국·의료기기
의약·화장품 소매,화장품 소매업,의류·잡화,Y,카드 화장품은 의류·잡화
가구 소매,,기타소매,Y,
가전·통신 소매,,기타소매,Y,
기타 상품 소매,,기타소매,Y,
기타 생활용품 소매,,기타소매,Y,
식물 소매,,기타소매,Y,
안경·정밀기기 소매,,기타소매,Y,
애완동물·용품 소매,,기타소매,Y,
오락용품 소매,,기타소매,Y,운동용품·문구·서점·완구
장식품 소매,,기타소매,Y,
중고 상품 소매,,기타소매,Y,
철물·건설자재 소매,,기타소매,Y,
담배 소매,,기타소매,Y,
연료 소매,,교통·자동차,Y,주유소·가스 충전
모터사이클 소매,,교통·자동차,Y,
자동차 부품 소매,,교통·자동차,Y,
자동차 수리·세차,,교통·자동차,Y,카드 자동차서비스
모터사이클 수리,,교통·자동차,Y,
의원,,의료·보건,Y,
병원,,의료·보건,Y,
기타 보건,,의료·보건,Y,
수의,,의료·보건,Y,카드 동물병원
이용·미용,,미용·개인서비스,Y,
세탁,,미용·개인서비스,Y,
욕탕·신체관리,,미용·개인서비스,Y,
일반 숙박,,숙박,Y,
스포츠 서비스,,여가·오락,Y,
유원지·오락,,여가·오락,Y,
유원지·오락,복권 발행/판매업,제외,N,카드 상품권/복권 제외와 맞춤
일반 교육,,교육,Y,
기타 교육,,교육,Y,
도서관·사적지,,교육,Y,독서실·스터디카페
교육 지원,,제외,N,교육 컨설팅 (B2B 성격)
기타 숙박,,제외,N,기숙사·고시원 (장기 거주)
기타 개인,,제외,N,결혼 상담·예식장 (카드 제외 업종)
장례식장,,제외,N,카드 제외 업종
가전제품 수리,,제외,N,대응 카드 업종 없음
컴퓨터 수리,,제외,N,대응 카드 업종 없음
통신장비 수리,,제외,N,대응 카드 업종 없음
기타 가정용품 수리,,제외,N,대응 카드 업종 없음
부동산 서비스,,제외,N,카드 제외 업종
광고,,제외,N,B2B
기술 서비스,,제외,N,B2B
기타 전문 과학,,제외,N,B2B
법무관련,,제외,N,B2B
본사·경영 컨설팅,,제외,N,B2B
사진 촬영,,제외,N,대응 카드 업종 불명확
시장 조사,,제외,N,B2B
인쇄·제품제작,,제외,N,B2B
전문 디자인,,제외,N,B2B
회계·세무,,제외,N,B2B
가정용품 대여,,제외,N,대응 카드 업종 불명확
고용 알선,,제외,N,B2B
기타 사업 서비스,,제외,N,B2B
사무 지원,,제외,N,B2B
산업용품 대여,,제외,N,B2B
시설관리,,제외,N,B2B
여행사·보조,,제외,N,카드 여행사 제외와 맞춤
운송장비 대여,,제외,N,대응 카드 업종 불명확
조경·유지,,제외,N,B2B
청소·방제,,제외,N,B2B
